<ImportExportXml version="9.2.23023.168" SolutionPackageVersion="9.2" languagecode="1033" generatedBy="CrmLive" xmlns:xsi="http://www.w3.org/2001/XMLSchema-instance">
  <SolutionManifest>
    <UniqueName>FreedomofInformationRequest</UniqueName>
    <LocalizedNames>
      <LocalizedName description="Freedom of Information Request" languagecode="1033" />
    </LocalizedNames>
    <Descriptions />
    <Version>1.0.0.3</Version>
    <Managed>0</Managed>
    <Publisher>
      <UniqueName>UBDS</UniqueName>
      <LocalizedNames>
        <LocalizedName description="UBDS" languagecode="1033" />
      </LocalizedNames>
      <Descriptions />
      <EMailAddress xsi:nil="true"></EMailAddress>
      <SupportingWebsiteUrl xsi:nil="true"></SupportingWebsiteUrl>
      <CustomizationPrefix>ubds</CustomizationPrefix>
      <CustomizationOptionValuePrefix>87852</CustomizationOptionValuePrefix>
      <Addresses>
        <Address>
          <AddressNumber>1</AddressNumber>
          <AddressTypeCode>1</AddressTypeCode>
          <City xsi:nil="true"></City>
          <County xsi:nil="true"></County>
          <Country xsi:nil="true"></Country>
          <Fax xsi:nil="true"></Fax>
          <FreightTermsCode xsi:nil="true"></FreightTermsCode>
          <ImportSequenceNumber xsi:nil="true"></ImportSequenceNumber>
          <Latitude xsi:nil="true"></Latitude>
          <Line1 xsi:nil="true"></Line1>
          <Line2 xsi:nil="true"></Line2>
          <Line3 xsi:nil="true"></Line3>
          <Longitude xsi:nil="true"></Longitude>
          <Name xsi:nil="true"></Name>
          <PostalCode xsi:nil="true"></PostalCode>
          <PostOfficeBox xsi:nil="true"></PostOfficeBox>
          <PrimaryContactName xsi:nil="true"></PrimaryContactName>
          <ShippingMethodCode>1</ShippingMethodCode>
          <StateOrProvince xsi:nil="true"></StateOrProvince>
          <Telephone1 xsi:nil="true"></Telephone1>
          <Telephone2 xsi:nil="true"></Telephone2>
          <Telephone3 xsi:nil="true"></Telephone3>
          <TimeZoneRuleVersionNumber xsi:nil="true"></TimeZoneRuleVersionNumber>
          <UPSZone xsi:nil="true"></UPSZone>
          <UTCOffset xsi:nil="true"></UTCOffset>
          <UTCConversionTimeZoneCode xsi:nil="true"></UTCConversionTimeZoneCode>
        </Address>
        <Address>
          <AddressNumber>2</AddressNumber>
          <AddressTypeCode>1</AddressTypeCode>
          <City xsi:nil="true"></City>
          <County xsi:nil="true"></County>
          <Country xsi:nil="true"></Country>
          <Fax xsi:nil="true"></Fax>
          <FreightTermsCode xsi:nil="true"></FreightTermsCode>
          <ImportSequenceNumber xsi:nil="true"></ImportSequenceNumber>
          <Latitude xsi:nil="true"></Latitude>
          <Line1 xsi:nil="true"></Line1>
          <Line2 xsi:nil="true"></Line2>
          <Line3 xsi:nil="true"></Line3>
          <Longitude xsi:nil="true"></Longitude>
          <Name xsi:nil="true"></Name>
          <PostalCode xsi:nil="true"></PostalCode>
          <PostOfficeBox xsi:nil="true"></PostOfficeBox>
          <PrimaryContactName xsi:nil="true"></PrimaryContactName>
          <ShippingMethodCode>1</ShippingMethodCode>
          <StateOrProvince xsi:nil="true"></StateOrProvince>
          <Telephone1 xsi:nil="true"></Telephone1>
          <Telephone2 xsi:nil="true"></Telephone2>
          <Telephone3 xsi:nil="true"></Telephone3>
          <TimeZoneRuleVersionNumber xsi:nil="true"></TimeZoneRuleVersionNumber>
          <UPSZone xsi:nil="true"></UPSZone>
          <UTCOffset xsi:nil="true"></UTCOffset>
          <UTCConversionTimeZoneCode xsi:nil="true"></UTCConversionTimeZoneCode>
        </Address>
      </Addresses>
    </Publisher>
    <RootComponents>
      <RootComponent type="1" schemaName="ubds_foibusinessprocess" behavior="0" />
      <RootComponent type="1" schemaName="ubds_foicasemanagement" behavior="0" />
      <RootComponent type="1" schemaName="ubds_foiquestion" behavior="0" />
      <RootComponent type="1" schemaName="ubds_foirequest" behavior="0" />
      <RootComponent type="1" schemaName="ubds_foirequestcomment" behavior="0" />
      <RootComponent type="1" schemaName="ubds_foiservicerequest" behavior="0" />
      <RootComponent type="1" schemaName="ubds_foitrainservicerecommendations" behavior="0" />
      <RootComponent type="9" schemaName="ubds_foiservicechoice" behavior="0" />
      <RootComponent type="29" id="{3a1e6068-7676-ed11-81ac-6045bd0f9d4c}" behavior="0" />
      <RootComponent type="29" id="{cbf7adb4-4e80-ed11-81ad-6045bd0f9d4c}" behavior="0" />
      <RootComponent type="29" id="{cf3bd88e-587e-ed11-81ad-6045bd0f9d4c}" behavior="0" />
      <RootComponent type="29" id="{d46937d0-4080-ed11-81ad-6045bd0f9d4c}" behavior="0" />
      <RootComponent type="300" schemaName="ubds_freedom_174a3" behavior="0" />
      <RootComponent type="401" id="{f7246a34-86ee-40bf-bc74-c81d0439d671}" behavior="0" />
    </RootComponents>
    <MissingDependencies>
      <MissingDependency>
        <Required type="300" schemaName="cat_powercatcomponentlibrary_0be3a" displayName="Power CAT Component Library" solution="CreatorKitCore (1.0.20230118.1)" />
        <Dependent type="300" schemaName="ubds_freedom_174a3" displayName="Freedom_202303060956" />
      </MissingDependency>
      <MissingDependency>
        <Required type="66" schemaName="cat_PowerCAT.Breadcrumb" displayName="cat_PowerCAT.Breadcrumb" solution="CreatorKitCore (1.0.20230118.1)" />
        <Dependent type="300" schemaName="ubds_freedom_174a3" displayName="Freedom_202303060956" />
      </MissingDependency>
      <MissingDependency>
        <Required type="66" schemaName="cat_PowerCAT.Calendar" displayName="cat_PowerCAT.Calendar" solution="CreatorKitCore (1.0.20230118.1)" />
        <Dependent type="300" schemaName="ubds_freedom_174a3" displayName="Freedom_202303060956" />
      </MissingDependency>
      <MissingDependency>
        <Required type="66" schemaName="cat_PowerCAT.CommandBar" displayName="cat_PowerCAT.CommandBar" solution="CreatorKitCore (1.0.20230118.1)" />
        <Dependent type="300" schemaName="ubds_freedom_174a3" displayName="Freedom_202303060956" />
      </MissingDependency>
      <MissingDependency>
        <Required type="66" schemaName="cat_PowerCAT.ContextMenu" displayName="cat_PowerCAT.ContextMenu" solution="CreatorKitCore (1.0.20230118.1)" />
        <Dependent type="300" schemaName="ubds_freedom_174a3" displayName="Freedom_202303060956" />
      </MissingDependency>
      <MissingDependency>
        <Required type="66" schemaName="cat_PowerCAT.Elevation" displayName="cat_PowerCAT.Elevation" solution="CreatorKitCore (1.0.20230118.1)" />
        <Dependent type="300" schemaName="ubds_freedom_174a3" displayName="Freedom_202303060956" />
      </MissingDependency>
      <MissingDependency>
        <Required type="66" schemaName="cat_PowerCAT.Facepile" displayName="cat_PowerCAT.Facepile" solution="CreatorKitCore (1.0.20230118.1)" />
        <Dependent type="300" schemaName="ubds_freedom_174a3" displayName="Freedom_202303060956" />
      </MissingDependency>
      <MissingDependency>
        <Required type="66" schemaName="cat_PowerCAT.FluentDetailsList" displayName="cat_PowerCAT.FluentDetailsList" solution="CreatorKitCore (1.0.20230118.1)" />
        <Dependent type="300" schemaName="ubds_freedom_174a3" displayName="Freedom_202303060956" />
      </MissingDependency>
      <MissingDependency>
        <Required type="66" schemaName="cat_PowerCAT.Icon" displayName="cat_PowerCAT.Icon" solution="CreatorKitCore (1.0.20230118.1)" />
        <Dependent type="300" schemaName="ubds_freedom_174a3" displayName="Freedom_202303060956" />
      </MissingDependency>
      <MissingDependency>
        <Required type="66" schemaName="cat_PowerCAT.Nav" displayName="cat_PowerCAT.Nav" solution="CreatorKitCore (1.0.20230118.1)" />
        <Dependent type="300" schemaName="ubds_freedom_174a3" displayName="Freedom_202303060956" />
      </MissingDependency>
      <MissingDependency>
        <Required type="66" schemaName="cat_PowerCAT.PeoplePicker" displayName="cat_PowerCAT.PeoplePicker" solution="CreatorKitCore (1.0.20230118.1)" />
        <Dependent type="300" schemaName="ubds_freedom_174a3" displayName="Freedom_202303060956" />
      </MissingDependency>
      <MissingDependency>
        <Required type="66" schemaName="cat_PowerCAT.Persona" displayName="cat_PowerCAT.Persona" solution="CreatorKitCore (1.0.20230118.1)" />
        <Dependent type="300" schemaName="ubds_freedom_174a3" displayName="Freedom_202303060956" />
      </MissingDependency>
      <MissingDependency>
        <Required type="66" schemaName="cat_PowerCAT.Picker" displayName="cat_PowerCAT.Picker" solution="CreatorKitCore (1.0.20230118.1)" />
        <Dependent type="300" schemaName="ubds_freedom_174a3" displayName="Freedom_202303060956" />
      </MissingDependency>
      <MissingDependency>
        <Required type="66" schemaName="cat_PowerCAT.Pivot" displayName="cat_PowerCAT.Pivot" solution="CreatorKitCore (1.0.20230118.1)" />
        <Dependent type="300" schemaName="ubds_freedom_174a3" displayName="Freedom_202303060956" />
      </MissingDependency>
      <MissingDependency>
        <Required type="66" schemaName="cat_PowerCAT.ProgressIndicator" displayName="cat_PowerCAT.ProgressIndicator" solution="CreatorKitCore (1.0.20230118.1)" />
        <Dependent type="300" schemaName="ubds_freedom_174a3" displayName="Freedom_202303060956" />
      </MissingDependency>
      <MissingDependency>
        <Required type="66" schemaName="cat_PowerCAT.SearchBox" displayName="cat_PowerCAT.SearchBox" solution="CreatorKitCore (1.0.20230118.1)" />
        <Dependent type="300" schemaName="ubds_freedom_174a3" displayName="Freedom_202303060956" />
      </MissingDependency>
      <MissingDependency>
        <Required type="66" schemaName="cat_PowerCAT.Shimmer" displayName="cat_PowerCAT.Shimmer" solution="CreatorKitCore (1.0.20230118.1)" />
        <Dependent type="300" schemaName="ubds_freedom_174a3" displayName="Freedom_202303060956" />
      </MissingDependency>
      <MissingDependency>
        <Required type="66" schemaName="cat_PowerCAT.Spinner" displayName="cat_PowerCAT.Spinner" solution="CreatorKitCore (1.0.20230118.1)" />
        <Dependent type="300" schemaName="ubds_freedom_174a3" displayName="Freedom_202303060956" />
      </MissingDependency>
      <MissingDependency>
        <Required type="66" schemaName="MscrmControls.Grid.GridControl" displayName="MscrmControls.Grid.GridControl" solution="BaseCustomControlsCore (9.0.2302.3016)" />
        <Dependent type="60" displayName="FOIRequest Form 2" parentDisplayName="FOIRequest" id="{289b5b84-2f76-ed11-81ac-6045bd0f9d4c}" />
      </MissingDependency>
      <MissingDependency>
        <Required type="66" schemaName="MscrmControls.RichTextEditor.RichTextEditorControl" displayName="MscrmControls.RichTextEditor.RichTextEditorControl" solution="msdyn_RichTextEditor (1.0.0.2306)" />
        <Dependent type="60" displayName="FOIRequest Form 3" parentDisplayName="FOIRequest" id="{2d253854-3076-ed11-81ac-6045bd0f9d4c}" />
      </MissingDependency>
      <MissingDependency>
        <Required type="66" schemaName="MscrmControls.RichTextEditor.RichTextEditorControl" displayName="MscrmControls.RichTextEditor.RichTextEditorControl" solution="msdyn_RichTextEditor (1.0.0.2306)" />
        <Dependent type="60" displayName="FOIRequest Form 5" parentDisplayName="FOIRequest" id="{7158f69b-3076-ed11-81ac-6045bd0f9d4c}" />
      </MissingDependency>
      <MissingDependency>
        <Required type="66" schemaName="MscrmControls.RichTextEditor.RichTextEditorControl" displayName="MscrmControls.RichTextEditor.RichTextEditorControl" solution="msdyn_RichTextEditor (1.0.0.2306)" />
        <Dependent type="60" displayName="FOIRequest Form 6" parentDisplayName="FOIRequest" id="{7404778f-3176-ed11-81ac-6045bd0f9d4c}" />
      </MissingDependency>
    </MissingDependencies>
  </SolutionManifest>
</ImportExportXml>