{
  "properties": {
    "connectionReferences": {
      "shared_approvals": {
        "runtimeSource": "invoker",
        "connection": {
          "connectionReferenceLogicalName": "ubds_sharedapprovals_acba4"
        },
        "api": {
          "name": "shared_approvals"
        }
      },
      "shared_commondataserviceforapps": {
        "runtimeSource": "embedded",
        "connection": {
          "connectionReferenceLogicalName": "ubds_sharedcommondataserviceforapps_76213"
        },
        "api": {
          "name": "shared_commondataserviceforapps"
        }
      }
    },
    "definition": {
      "$schema": "https://schema.management.azure.com/providers/Microsoft.Logic/schemas/2016-06-01/workflowdefinition.json#",
      "contentVersion": "1.0.0.0",
      "parameters": {
        "$connections": {
          "defaultValue": {},
          "type": "Object"
        },
        "$authentication": {
          "defaultValue": {},
          "type": "SecureObject"
        }
      },
      "triggers": {
        "manual": {
          "metadata": {
            "operationMetadataId": "784e0f9a-4149-4ed1-9a91-c48c9ca1f4da"
          },
          "type": "Request",
          "kind": "PowerApp",
          "inputs": {
            "schema": {
              "type": "object",
              "properties": {
                "FOIReference_Value": {
                  "type": "string",
                  "description": "Enter initial value",
                  "x-ms-powerflows-param-ispartial": false
                },
                "FOIRequestId_Value": {
                  "type": "string",
                  "description": "Enter initial value",
                  "x-ms-powerflows-param-ispartial": false
                },
                "QueryId_Value": {
                  "type": "string",
                  "description": "Enter initial value",
                  "x-ms-powerflows-param-ispartial": false
                }
              },
              "required": [
                "FOIReference_Value",
                "FOIRequestId_Value",
                "QueryId_Value"
              ]
            }
          }
        }
      },
      "actions": {
        "FOIReference": {
          "runAfter": {},
          "metadata": {
            "operationMetadataId": "5f11245c-07be-4d53-a0df-7ba0e4d281e8"
          },
          "type": "InitializeVariable",
          "inputs": {
            "variables": [
              {
                "name": "FOIReference",
                "type": "string",
                "value": "@{triggerBody()['FOIReference_Value']}"
              }
            ]
          }
        },
        "FOIRequestId": {
          "runAfter": {
            "FOIReference": [
              "Succeeded"
            ]
          },
          "metadata": {
            "operationMetadataId": "c1f6aaa6-cc79-4b59-bf46-9a94686e35a6"
          },
          "type": "InitializeVariable",
          "inputs": {
            "variables": [
              {
                "name": "FOIRequestId",
                "type": "string",
                "value": "@{triggerBody()['FOIRequestId_Value']}"
              }
            ]
          }
        },
        "QueryId": {
          "runAfter": {
            "FOIRequestId": [
              "Succeeded"
            ]
          },
          "metadata": {
            "operationMetadataId": "c29be707-4305-4205-bef0-8e4506f73362"
          },
          "type": "InitializeVariable",
          "inputs": {
            "variables": [
              {
                "name": "QueryId",
                "type": "string",
                "value": "@{triggerBody()['QueryId_Value']}"
              }
            ]
          }
        },
        "Start_and_wait_for_an_approval": {
          "runAfter": {
            "Get_Query_Record": [
              "Succeeded"
            ]
          },
          "metadata": {
            "operationMetadataId": "7e5a923b-5e1d-4aad-9bd7-789bc0e639a2"
          },
          "type": "OpenApiConnectionWebhook",
          "inputs": {
            "host": {
              "connectionName": "shared_approvals",
              "operationId": "StartAndWaitForAnApproval",
              "apiId": "/providers/Microsoft.PowerApps/apis/shared_approvals"
            },
            "parameters": {
              "approvalType": "Basic",
              "WebhookApprovalCreationInput/title": "@{variables('FOIReference')} - Approve Responses for the following Query: @{outputs('Get_Query_Record')?['body/ubds_question']}",
              "WebhookApprovalCreationInput/assignedTo": "@{outputs('Get_Query_Record')?['body/ubds_assignment']};",
              "WebhookApprovalCreationInput/itemLink": "https://apps.powerapps.com/play/e/a80f0dce-84db-e065-9b80-6a6ac9fb15ae/a/0cdb36b9-0fc3-43ce-ad1d-9fb2eba6549c?tenantId=0e46ef1c-a6b7-4653-b62e-0ccd2d7d8887?parFOIReferenceNumber=@{variables('FOIReference')}",
              "WebhookApprovalCreationInput/itemLinkDescription": "Link to FOI Request",
              "WebhookApprovalCreationInput/enableNotifications": true,
              "WebhookApprovalCreationInput/enableReassignment": true
            },
            "authentication": {
              "type": "Raw",
              "value": "@json(decodeBase64(triggerOutputs().headers['X-MS-APIM-Tokens']))['$ConnectionKey']"
            }
          }
        },
        "Get_Query_Record": {
          "runAfter": {
            "QueryId": [
              "Succeeded"
            ]
          },
          "metadata": {
            "operationMetadataId": "9169bb62-3325-442e-8b5c-3ddda891d3a1"
          },
          "type": "OpenApiConnection",
          "inputs": {
            "host": {
              "connectionName": "shared_commondataserviceforapps",
              "operationId": "GetItem",
              "apiId": "/providers/Microsoft.PowerApps/apis/shared_commondataserviceforapps"
            },
            "parameters": {
              "entityName": "ubds_foiquestions",
              "recordId": "@variables('QueryId')"
            },
            "authentication": {
              "type": "Raw",
              "value": "@json(decodeBase64(triggerOutputs().headers['X-MS-APIM-Tokens']))['$ConnectionKey']"
            }
          }
        },
        "Update_a_row": {
          "runAfter": {
            "Start_and_wait_for_an_approval": [
              "Succeeded"
            ]
          },
          "metadata": {
            "operationMetadataId": "4022090b-de05-42b4-96da-78d392e458fb"
          },
          "type": "OpenApiConnection",
          "inputs": {
            "host": {
              "connectionName": "shared_commondataserviceforapps",
              "operationId": "UpdateRecord",
              "apiId": "/providers/Microsoft.PowerApps/apis/shared_commondataserviceforapps"
            },
            "parameters": {
              "entityName": "ubds_foiquestions",
              "recordId": "@variables('QueryId')",
              "item/ubds_approved": true
            },
            "authentication": {
              "type": "Raw",
              "value": "@json(decodeBase64(triggerOutputs().headers['X-MS-APIM-Tokens']))['$ConnectionKey']"
            }
          }
        }
      }
    },
    "templateName": ""
  },
  "schemaVersion": "1.0.0.0"
}