{
  "properties": {
    "connectionReferences": {
      "shared_commondataserviceforapps": {
        "runtimeSource": "embedded",
        "connection": {
          "connectionReferenceLogicalName": "ubds_sharedcommondataserviceforapps_76213"
        },
        "api": {
          "name": "shared_commondataserviceforapps"
        }
      },
      "shared_sharepointonline": {
        "runtimeSource": "embedded",
        "connection": {
          "connectionReferenceLogicalName": "ubds_sharedsharepointonline_1ba3e"
        },
        "api": {
          "name": "shared_sharepointonline"
        }
      },
      "shared_teams": {
        "runtimeSource": "embedded",
        "connection": {
          "connectionReferenceLogicalName": "ubds_sharedteams_a1297"
        },
        "api": {
          "name": "shared_teams"
        }
      }
    },
    "definition": {
      "$schema": "https://schema.management.azure.com/providers/Microsoft.Logic/schemas/2016-06-01/workflowdefinition.json#",
      "contentVersion": "1.0.0.0",
      "parameters": {
        "$connections": {
          "defaultValue": {},
          "type": "Object"
        },
        "$authentication": {
          "defaultValue": {},
          "type": "SecureObject"
        }
      },
      "triggers": {
        "When_a_new_Freedom_of_Information_Request_is_added": {
          "metadata": {
            "operationMetadataId": "882a366d-0240-4f88-95ef-c5537b27e4f9"
          },
          "type": "OpenApiConnectionWebhook",
          "inputs": {
            "host": {
              "connectionName": "shared_commondataserviceforapps",
              "operationId": "SubscribeWebhookTrigger",
              "apiId": "/providers/Microsoft.PowerApps/apis/shared_commondataserviceforapps"
            },
            "parameters": {
              "subscriptionRequest/message": 1,
              "subscriptionRequest/entityname": "ubds_foirequest",
              "subscriptionRequest/scope": 4,
              "subscriptionRequest/runas": 1
            },
            "authentication": "@parameters('$authentication')"
          }
        }
      },
      "actions": {
        "List_Supporting_Documents": {
          "runAfter": {
            "Update_a_row": [
              "Succeeded"
            ]
          },
          "metadata": {
            "operationMetadataId": "8c9ce5f8-b467-4e9d-807b-5c12d0f9c29b"
          },
          "type": "OpenApiConnection",
          "inputs": {
            "host": {
              "connectionName": "shared_commondataserviceforapps",
              "operationId": "ListRecords",
              "apiId": "/providers/Microsoft.PowerApps/apis/shared_commondataserviceforapps"
            },
            "parameters": {
              "entityName": "annotations",
              "$filter": "_objectid_value eq '@{triggerOutputs()?['body/ubds_foirequestid']}'"
            },
            "authentication": "@parameters('$authentication')"
          }
        },
        "Service_recommendations": {
          "runAfter": {
            "List_Supporting_Documents": [
              "Succeeded"
            ]
          },
          "metadata": {
            "operationMetadataId": "9c45d922-3e4a-4875-89cf-c3e25dda91e9",
            "flowSystemMetadata": {
              "portalOperationId": "aibuilderpredict_textclassification",
              "portalOperationGroup": "aibuilder",
              "portalOperationApiDisplayNameOverride": "AI Builder",
              "portalOperationIconOverride": "https://content.powerapps.com/resource/makerx/static/pauto/images/designeroperations/aiBuilderNew.51dbdb6b.png",
              "portalOperationBrandColorOverride": "#0A76C4",
              "portalOperationApiTierOverride": "Standard"
            }
          },
          "type": "OpenApiConnection",
          "inputs": {
            "host": {
              "connectionName": "shared_commondataserviceforapps",
              "operationId": "aibuilderpredict_textclassification",
              "apiId": "/providers/Microsoft.PowerApps/apis/shared_commondataserviceforapps"
            },
            "parameters": {
              "recordId": "f7246a34-86ee-40bf-bc74-c81d0439d671",
              "item/requestv2/text": "@triggerOutputs()?['body/ubds_requestinformation']",
              "item/requestv2/language": "Detect automatically"
            },
            "authentication": "@parameters('$authentication')"
          }
        },
        "Get_FOI_request_entry": {
          "runAfter": {
            "Service_recommendations": [
              "Succeeded"
            ]
          },
          "metadata": {
            "operationMetadataId": "3d07ccd0-39e5-46fb-ac5a-4ec988d01adc"
          },
          "type": "OpenApiConnection",
          "inputs": {
            "host": {
              "connectionName": "shared_commondataserviceforapps",
              "operationId": "GetItem",
              "apiId": "/providers/Microsoft.PowerApps/apis/shared_commondataserviceforapps"
            },
            "parameters": {
              "entityName": "ubds_foirequests",
              "recordId": "@triggerOutputs()?['body/ubds_foirequestid']"
            },
            "authentication": "@parameters('$authentication')"
          }
        },
        "Apply_to_each_identified_service": {
          "foreach": "@outputs('Service_recommendations')?['body/responsev2/predictionOutput/results']",
          "actions": {
            "Update_FOI_request_record_with_Case_record": {
              "runAfter": {},
              "metadata": {
                "operationMetadataId": "b0344842-0ecc-4ab7-bf55-ef76f14939ae"
              },
              "type": "OpenApiConnection",
              "inputs": {
                "host": {
                  "connectionName": "shared_commondataserviceforapps",
                  "operationId": "UpdateRecord",
                  "apiId": "/providers/Microsoft.PowerApps/apis/shared_commondataserviceforapps"
                },
                "parameters": {
                  "entityName": "ubds_foirequests",
                  "recordId": "@outputs('Get_FOI_request_entry')?['body/ubds_foirequestid']",
                  "item/ubds_Case@odata.bind": "@outputs('Create_FOI_case')?['body/@odata.id']",
                  "item/ubds_servicerecommendation": "@items('Apply_to_each_identified_service')?['type']"
                },
                "authentication": "@parameters('$authentication')"
              }
            },
            "Update_FOI_case_record_with_service_classifications": {
              "runAfter": {
                "Update_FOI_request_record_with_Case_record": [
                  "Succeeded"
                ]
              },
              "metadata": {
                "operationMetadataId": "b0344842-0ecc-4ab7-bf55-ef76f14939ae"
              },
              "type": "OpenApiConnection",
              "inputs": {
                "host": {
                  "connectionName": "shared_commondataserviceforapps",
                  "operationId": "UpdateRecord",
                  "apiId": "/providers/Microsoft.PowerApps/apis/shared_commondataserviceforapps"
                },
                "parameters": {
                  "entityName": "ubds_foicasemanagements",
                  "recordId": "@outputs('Create_FOI_case')?['body/ubds_foicasemanagementid']",
                  "item/ubds_services": "@items('Apply_to_each_identified_service')?['type']"
                },
                "authentication": "@parameters('$authentication')"
              }
            }
          },
          "runAfter": {
            "Add_each_Supporting_Document_to_Supporting_Documents_Array": [
              "Succeeded"
            ]
          },
          "metadata": {
            "operationMetadataId": "1f6f2ac1-8cc2-4e9c-bd12-8946ed4da21a"
          },
          "type": "Foreach"
        },
        "Update_a_row": {
          "runAfter": {
            "Wait_for_request_to_be_made_fully": [
              "Succeeded"
            ]
          },
          "metadata": {
            "operationMetadataId": "a3a57465-eb8a-4a7c-96c3-1602119af46a"
          },
          "type": "OpenApiConnection",
          "inputs": {
            "host": {
              "connectionName": "shared_commondataserviceforapps",
              "operationId": "UpdateRecord",
              "apiId": "/providers/Microsoft.PowerApps/apis/shared_commondataserviceforapps"
            },
            "parameters": {
              "entityName": "ubds_foirequests",
              "recordId": "@triggerOutputs()?['body/ubds_foirequestid']",
              "item/ubds_informationrequested": "@triggerOutputs()?['body/ubds_requestinformation']"
            },
            "authentication": "@parameters('$authentication')"
          }
        },
        "Create_FOI_case": {
          "runAfter": {
            "Get_FOI_request_entry": [
              "Succeeded"
            ]
          },
          "metadata": {
            "operationMetadataId": "193fc59e-8651-4170-a567-2f346f1432f9"
          },
          "type": "OpenApiConnection",
          "inputs": {
            "host": {
              "connectionName": "shared_commondataserviceforapps",
              "operationId": "CreateRecord",
              "apiId": "/providers/Microsoft.PowerApps/apis/shared_commondataserviceforapps"
            },
            "parameters": {
              "entityName": "ubds_foicasemanagements",
              "item/ubds_FOIRequest@odata.bind": "@outputs('Get_FOI_request_entry')?['body/@odata.id']",
              "item/ubds_name": "@triggerOutputs()?['body/ubds_referencenumber']",
              "item/ubds_classification": false,
              "item/statuscode": 1
            },
            "authentication": "@parameters('$authentication')"
          }
        },
        "Add_each_Supporting_Document_to_Supporting_Documents_Array": {
          "foreach": "@outputs('List_Supporting_Documents')?['body/value']",
          "actions": {
            "Create_file": {
              "runAfter": {},
              "metadata": {
                "operationMetadataId": "ea5906c2-1def-4691-af5e-20dd69e0a0c1"
              },
              "type": "OpenApiConnection",
              "inputs": {
                "host": {
                  "connectionName": "shared_sharepointonline",
                  "operationId": "CreateFile",
                  "apiId": "/providers/Microsoft.PowerApps/apis/shared_sharepointonline"
                },
                "parameters": {
                  "dataset": "https://ubdstravel.sharepoint.com/sites/FOI",
                  "folderPath": "/Shared Documents/@{outputs('Get_FOI_request_entry')?['body/ubds_referencenumber']}",
                  "name": "@items('Add_each_Supporting_Document_to_Supporting_Documents_Array')?['filename']",
                  "body": "@base64ToBinary(items('Add_each_Supporting_Document_to_Supporting_Documents_Array')?['documentbody'])"
                },
                "authentication": "@parameters('$authentication')"
              },
              "runtimeConfiguration": {
                "contentTransfer": {
                  "transferMode": "Chunked"
                }
              }
            }
          },
          "runAfter": {
            "Create_FOI_case": [
              "Succeeded"
            ]
          },
          "metadata": {
            "operationMetadataId": "422ef305-2a44-4c4a-8a4a-01c6e0826670"
          },
          "type": "Foreach"
        },
        "Wait_for_request_to_be_made_fully": {
          "runAfter": {},
          "metadata": {
            "operationMetadataId": "4d16468e-1f9d-4855-9876-088eb27f9638"
          },
          "type": "Wait",
          "inputs": {
            "interval": {
              "count": 30,
              "unit": "Second"
            }
          }
        },
        "Post_adaptive_card_in_a_chat_or_channel": {
          "runAfter": {
            "Apply_to_each_identified_service": [
              "Succeeded"
            ]
          },
          "metadata": {
            "operationMetadataId": "48b67120-8e31-41c3-808d-c2dc23086b7a"
          },
          "type": "OpenApiConnection",
          "inputs": {
            "host": {
              "connectionName": "shared_teams",
              "operationId": "PostCardToConversation",
              "apiId": "/providers/Microsoft.PowerApps/apis/shared_teams"
            },
            "parameters": {
              "poster": "Flow bot",
              "location": "Channel",
              "body/recipient/groupId": "0bb131ea-6897-428f-9d3b-05982340b180",
              "body/recipient/channelId": "19:M60l03ZW0DzqRa45TdHHI5O2njCZ2IBFcND1UIzh4dI1@thread.tacv2",
              "body/messageBody": "{\n    \"type\": \"AdaptiveCard\",\n    \"body\": [\n        {\n            \"type\": \"TextBlock\",\n            \"size\": \"Medium\",\n            \"weight\": \"Bolder\",\n            \"text\": \"@{outputs('Get_FOI_request_entry')?['body/ubds_referencenumber']}\"\n        },\n        {\n            \"type\": \"ColumnSet\",\n            \"columns\": [\n                {\n                    \"type\": \"Column\",\n                    \"items\": [\n                        {\n                            \"type\": \"TextBlock\",\n                            \"spacing\": \"None\",\n                            \"text\": \"Created @{triggerOutputs()?['body/createdon']}\",\n                            \"isSubtle\": true,\n                            \"wrap\": true\n                        }\n                    ],\n                    \"width\": \"stretch\"\n                }\n            ]\n        },\n        {\n            \"type\": \"TextBlock\",\n            \"text\": \"@{outputs('Get_FOI_request_entry')?['body/ubds_requestinformation']}\",\n            \"wrap\": true\n        },\n        {\n            \"type\": \"ActionSet\",\n            \"actions\": [\n                {\n                    \"type\": \"Action.OpenUrl\",\n                    \"title\": \"View\",\n                    \"url\": \"https://apps.powerapps.com/play/e/a80f0dce-84db-e065-9b80-6a6ac9fb15ae/a/0cdb36b9-0fc3-43ce-ad1d-9fb2eba6549c?tenantId=0e46ef1c-a6b7-4653-b62e-0ccd2d7d8887?parFOIReferenceNumber=@{outputs('Get_FOI_request_entry')?['body/ubds_referencenumber']}\"\n                }\n            ]\n        }\n    ],\n    \"$schema\": \"http://adaptivecards.io/schemas/adaptive-card.json\",\n    \"version\": \"1.4\"\n}"
            },
            "authentication": "@parameters('$authentication')"
          }
        }
      }
    },
    "templateName": ""
  },
  "schemaVersion": "1.0.0.0"
}