{
  "properties": {
    "connectionReferences": {
      "shared_commondataserviceforapps": {
        "runtimeSource": "embedded",
        "connection": {
          "connectionReferenceLogicalName": "ubds_sharedcommondataserviceforapps_76213"
        },
        "api": {
          "name": "shared_commondataserviceforapps"
        }
      }
    },
    "definition": {
      "$schema": "https://schema.management.azure.com/providers/Microsoft.Logic/schemas/2016-06-01/workflowdefinition.json#",
      "contentVersion": "1.0.0.0",
      "parameters": {
        "$connections": {
          "defaultValue": {},
          "type": "Object"
        },
        "$authentication": {
          "defaultValue": {},
          "type": "SecureObject"
        }
      },
      "triggers": {
        "manual": {
          "metadata": {
            "operationMetadataId": "daeca030-2a7a-4287-a5d0-c9cf2e4b3809"
          },
          "type": "Request",
          "kind": "PowerApp",
          "inputs": {
            "schema": {
              "type": "object",
              "properties": {
                "FOIRequest_Value": {
                  "type": "string",
                  "description": "Enter initial value",
                  "x-ms-powerflows-param-ispartial": false
                },
                "ParseSupportingDocuments_Content": {
                  "type": "any",
                  "x-ms-powerflows-param-ispartial": false
                }
              },
              "required": [
                "FOIRequest_Value",
                "ParseSupportingDocuments_Content"
              ]
            }
          }
        }
      },
      "actions": {
        "FOIRequest": {
          "runAfter": {},
          "metadata": {
            "operationMetadataId": "07173249-4ba4-4e03-af90-0d36c155d58c"
          },
          "type": "InitializeVariable",
          "inputs": {
            "variables": [
              {
                "name": "FOIRequest",
                "type": "string",
                "value": "@{triggerBody()['FOIRequest_Value']}"
              }
            ]
          }
        },
        "Parse_Supporting_Documents": {
          "runAfter": {
            "FOIRequest": [
              "Succeeded"
            ]
          },
          "metadata": {
            "operationMetadataId": "20f6b9e6-2e40-4e1c-8b5d-b94d76c66337"
          },
          "type": "ParseJson",
          "inputs": {
            "content": "@triggerBody()['ParseSupportingDocuments_Content']",
            "schema": {
              "type": "array",
              "items": {
                "type": "object",
                "properties": {
                  "Content": {
                    "type": "string"
                  },
                  "FileName": {
                    "type": "string"
                  }
                },
                "required": [
                  "Content",
                  "FileName"
                ]
              }
            }
          }
        },
        "Apply_to_each": {
          "foreach": "@body('Parse_Supporting_Documents')",
          "actions": {
            "Add_a_new_row": {
              "runAfter": {},
              "metadata": {
                "operationMetadataId": "65632c8a-8982-438f-8069-523c80edfeb1"
              },
              "type": "OpenApiConnection",
              "inputs": {
                "host": {
                  "connectionName": "shared_commondataserviceforapps",
                  "operationId": "CreateRecord",
                  "apiId": "/providers/Microsoft.PowerApps/apis/shared_commondataserviceforapps"
                },
                "parameters": {
                  "entityName": "annotations",
                  "item/subject": "Note created on @{utcNow()}",
                  "item/notetext": "*FREEDOM*",
                  "item/isdocument": true,
                  "item/documentbody": "@items('Apply_to_each')['Content']",
                  "item/filename": "@items('Apply_to_each')['FileName']"
                },
                "authentication": {
                  "type": "Raw",
                  "value": "@json(decodeBase64(triggerOutputs().headers['X-MS-APIM-Tokens']))['$ConnectionKey']"
                }
              }
            },
            "Apply_to_each_2": {
              "foreach": "@outputs('List_rows')?['body/value']",
              "actions": {
                "Relate_rows": {
                  "runAfter": {},
                  "metadata": {
                    "operationMetadataId": "3b89d67e-be72-47a0-a3cb-836cb6b04b42"
                  },
                  "type": "OpenApiConnection",
                  "inputs": {
                    "host": {
                      "connectionName": "shared_commondataserviceforapps",
                      "operationId": "AssociateEntities",
                      "apiId": "/providers/Microsoft.PowerApps/apis/shared_commondataserviceforapps"
                    },
                    "parameters": {
                      "entityName": "ubds_foirequests",
                      "recordId": "@items('Apply_to_each_2')?['ubds_foirequestid']",
                      "associationEntityRelationship": "ubds_foirequest_Annotations",
                      "item/@odata.id": "@outputs('Add_a_new_row')?['body/@odata.id']"
                    },
                    "authentication": {
                      "type": "Raw",
                      "value": "@json(decodeBase64(triggerOutputs().headers['X-MS-APIM-Tokens']))['$ConnectionKey']"
                    }
                  }
                }
              },
              "runAfter": {
                "Add_a_new_row": [
                  "Succeeded"
                ]
              },
              "metadata": {
                "operationMetadataId": "020b2a15-c133-43f0-b0aa-39ad9de06676"
              },
              "type": "Foreach"
            }
          },
          "runAfter": {
            "List_rows": [
              "Succeeded"
            ]
          },
          "metadata": {
            "operationMetadataId": "04e44523-8b85-46b0-a7c4-8fdd7019e419"
          },
          "type": "Foreach"
        },
        "List_rows": {
          "runAfter": {
            "Parse_Supporting_Documents": [
              "Succeeded"
            ]
          },
          "metadata": {
            "operationMetadataId": "217017c3-1bb8-41a9-b52f-d6799261050b"
          },
          "type": "OpenApiConnection",
          "inputs": {
            "host": {
              "connectionName": "shared_commondataserviceforapps",
              "operationId": "ListRecords",
              "apiId": "/providers/Microsoft.PowerApps/apis/shared_commondataserviceforapps"
            },
            "parameters": {
              "entityName": "ubds_foirequests",
              "$filter": "ubds_foirequestid eq @{variables('FOIRequest')}"
            },
            "authentication": {
              "type": "Raw",
              "value": "@json(decodeBase64(triggerOutputs().headers['X-MS-APIM-Tokens']))['$ConnectionKey']"
            }
          }
        }
      }
    },
    "templateName": ""
  },
  "schemaVersion": "1.0.0.0"
}