{
  "properties": {
    "connectionReferences": {
      "shared_office365": {
        "runtimeSource": "invoker",
        "connection": {
          "connectionReferenceLogicalName": "ubds_sharedoffice365_0267f"
        },
        "api": {
          "name": "shared_office365"
        }
      }
    },
    "definition": {
      "$schema": "https://schema.management.azure.com/providers/Microsoft.Logic/schemas/2016-06-01/workflowdefinition.json#",
      "contentVersion": "1.0.0.0",
      "parameters": {
        "$connections": {
          "defaultValue": {},
          "type": "Object"
        },
        "$authentication": {
          "defaultValue": {},
          "type": "SecureObject"
        }
      },
      "triggers": {
        "manual": {
          "metadata": {
            "operationMetadataId": "63e3b354-50fb-4af9-b733-6b629e121be6"
          },
          "type": "Request",
          "kind": "PowerApp",
          "inputs": {
            "schema": {
              "type": "object",
              "properties": {
                "PersontoChase_Value": {
                  "type": "string",
                  "description": "Enter initial value",
                  "x-ms-powerflows-param-ispartial": false
                },
                "FOIReference_Value": {
                  "type": "string",
                  "description": "Enter initial value",
                  "x-ms-powerflows-param-ispartial": false
                },
                "DueIn_Value": {
                  "type": "string",
                  "description": "Enter initial value",
                  "x-ms-powerflows-param-ispartial": false
                },
                "Query_Value": {
                  "type": "string",
                  "description": "Enter initial value",
                  "x-ms-powerflows-param-ispartial": false
                }
              },
              "required": [
                "PersontoChase_Value",
                "FOIReference_Value",
                "DueIn_Value",
                "Query_Value"
              ]
            }
          }
        }
      },
      "actions": {
        "PersontoChase": {
          "runAfter": {},
          "metadata": {
            "operationMetadataId": "9512f027-97ae-4f7b-9296-8ad7e1a249e1"
          },
          "type": "InitializeVariable",
          "inputs": {
            "variables": [
              {
                "name": "PersontoChase",
                "type": "string",
                "value": "@{triggerBody()['PersontoChase_Value']}"
              }
            ]
          }
        },
        "FOIReference": {
          "runAfter": {
            "PersontoChase": [
              "Succeeded"
            ]
          },
          "metadata": {
            "operationMetadataId": "fb4dacaa-a2c3-4d4b-83df-9d6c3936067f"
          },
          "type": "InitializeVariable",
          "inputs": {
            "variables": [
              {
                "name": "FOIReference",
                "type": "string",
                "value": "@{triggerBody()['FOIReference_Value']}"
              }
            ]
          }
        },
        "DueIn": {
          "runAfter": {
            "FOIReference": [
              "Succeeded"
            ]
          },
          "metadata": {
            "operationMetadataId": "46e0926e-64e9-462e-824d-a900ab9d425c"
          },
          "type": "InitializeVariable",
          "inputs": {
            "variables": [
              {
                "name": "DueIn",
                "type": "string",
                "value": "@triggerBody()['DueIn_Value']"
              }
            ]
          }
        },
        "Query": {
          "runAfter": {
            "DueIn": [
              "Succeeded"
            ]
          },
          "metadata": {
            "operationMetadataId": "d7b07f6b-5dde-4cfa-b4ca-b2357b8d2f67"
          },
          "type": "InitializeVariable",
          "inputs": {
            "variables": [
              {
                "name": "Query",
                "type": "string",
                "value": "@{triggerBody()['Query_Value']}"
              }
            ]
          }
        },
        "Send_an_email_(V2)": {
          "runAfter": {
            "Query": [
              "Succeeded"
            ]
          },
          "metadata": {
            "operationMetadataId": "c9c69f2d-081a-4de5-aa5e-343c4f4af62a"
          },
          "type": "OpenApiConnection",
          "inputs": {
            "host": {
              "connectionName": "shared_office365",
              "operationId": "SendEmailV2",
              "apiId": "/providers/Microsoft.PowerApps/apis/shared_office365"
            },
            "parameters": {
              "emailMessage/To": "@variables('PersontoChase')",
              "emailMessage/Subject": "@{variables('FOIReference')} - Due in @{variables('DueIn')} Days",
              "emailMessage/Body": "<p>Response required for the following Query: @{variables('Query')}<br>\n<br>\nWe legally need to provide a response in @{variables('DueIn')} Days time.</p>",
              "emailMessage/Importance": "Normal"
            },
            "authentication": {
              "type": "Raw",
              "value": "@json(decodeBase64(triggerOutputs().headers['X-MS-APIM-Tokens']))['$ConnectionKey']"
            }
          }
        }
      }
    },
    "templateName": ""
  },
  "schemaVersion": "1.0.0.0"
}